first_name,last_name,email,gender,ip_address
Windy,Coxen,wcoxen0@cnet.com,Female,252.151.0.167
Ekaterina,Box,ebox1@networksolutions.com,Female,42.81.22.59
Zuzana,Capelen,zcapelen2@360.cn,Female,167.28.191.75
Hobie,Byer,hbyer3@cnn.com,Male,184.170.27.211
Lamar,Crosskill,lcrosskill4@ucoz.com,Male,86.172.88.106
Ardyth,Roocroft,aroocroft5@whitehouse.gov,Female,126.163.193.12
Creighton,Over,cover6@rambler.ru,Male,36.50.26.145
Hart,Tovey,htovey7@netlog.com,Male,82.156.80.75
Lorne,Winsom,lwinsom8@symantec.com,Male,19.138.241.172
Ludwig,Thaxton,lthaxton9@google.de,Male,95.123.113.96
Drucy,Goodliff,dgoodliffa@dion.ne.jp,Female,236.84.243.20
Nancee,Durling,ndurlingb@slashdot.org,Female,83.112.34.165
Alan,Clink,aclinkc@netscape.com,Male,88.217.249.211
Trudey,Hiskey,thiskeyd@addtoany.com,Female,97.152.142.97
Matthias,Gabler,mgablere@umich.edu,Male,99.82.29.115
Gallard,Craythorne,gcraythornef@yellowpages.com,Male,180.95.117.236
Daniella,Fery,dferyg@squidoo.com,Female,29.27.242.147
Letti,Colebourn,lcolebournh@ftc.gov,Female,139.218.202.210
Abbott,Jickles,ajicklesi@cloudflare.com,Male,216.84.161.178
Buddy,Hoggin,bhogginj@reference.com,Male,214.71.40.33
Jacky,Gane,jganek@list-manage.com,Female,85.159.136.188
Rorke,Paulon,rpaulonl@dailymail.co.uk,Male,160.12.206.135
Fawn,Cavil,fcavilm@bloglines.com,Female,229.98.82.144
Lucretia,Petronis,lpetronisn@ucoz.ru,Female,237.255.137.14
Philbert,Davenhill,pdavenhillo@uiuc.edu,Male,203.32.240.26
Huntington,Caruth,hcaruthp@imageshack.us,Male,230.122.66.59
Orton,Vassel,ovasselq@bigcartel.com,Male,149.152.220.42
Padraig,Kinneir,pkinneirr@ning.com,Male,141.27.57.39
Raf,Alen,ralens@cam.ac.uk,Female,2.188.70.227
Noak,McTrustie,nmctrustiet@ning.com,Male,56.64.205.35
Hannah,Grinham,hgrinhamu@washington.edu,Female,143.85.16.28
Delila,McIlhone,dmcilhonev@so-net.ne.jp,Female,8.122.11.13
Ev,Chesson,echessonw@eepurl.com,Male,121.182.70.226
Carline,Austins,caustinsx@psu.edu,Female,212.81.57.165
Curry,Giraudy,cgiraudyy@pbs.org,Male,129.51.89.24
Zaccaria,Pheby,zphebyz@opensource.org,Male,174.24.214.147
Neron,Flinn,nflinn10@google.es,Male,163.90.60.219
Ashlee,Markwick,amarkwick11@pbs.org,Female,60.126.240.94
Nikolaos,McKilroe,nmckilroe12@istockphoto.com,Male,111.241.12.51
Edward,Radoux,eradoux13@usnews.com,Male,93.47.11.71
Knox,Guite,kguite14@google.co.jp,Male,73.96.130.65
Diahann,Shoveller,dshoveller15@cafepress.com,Female,60.117.234.193
Brooks,Andrusyak,bandrusyak16@last.fm,Female,216.73.214.88
Max,McErlaine,mmcerlaine17@vimeo.com,Male,235.244.171.152
Tillie,Blaschek,tblaschek18@taobao.com,Female,190.150.227.224
Vinson,Hutcheon,vhutcheon19@shinystat.com,Male,153.23.156.33
Nikki,Natalie,nnatalie1a@biblegateway.com,Male,165.23.134.134
Giraud,Kehir,gkehir1b@360.cn,Male,140.81.73.5
Doretta,Poone,dpoone1c@lulu.com,Female,214.75.68.230
Riley,Robjant,rrobjant1d@vimeo.com,Male,235.248.39.128
Jermayne,Dalling,jdalling1e@vk.com,Male,113.71.173.48
Allys,MacKonochie,amackonochie1f@barnesandnoble.com,Female,248.162.194.62
Georas,Bellenger,gbellenger1g@umich.edu,Male,60.57.166.73
Kort,Burwin,kburwin1h@sbwire.com,Male,233.92.216.141
Nevile,Emblen,nemblen1i@newsvine.com,Male,38.219.238.47
Fulvia,Feldmark,ffeldmark1j@sciencedirect.com,Female,130.200.233.134
Gertie,Stanman,gstanman1k@icq.com,Female,196.141.172.134
Kacey,Kibbe,kkibbe1l@whitehouse.gov,Female,56.32.127.78
Bobinette,Ebbing,bebbing1m@china.com.cn,Female,177.218.93.186
Port,Walliker,pwalliker1n@cyberchimps.com,Male,123.151.183.120
Will,Hourihane,whourihane1o@sciencedirect.com,Male,51.31.133.237
Alena,Risby,arisby1p@ftc.gov,Female,156.255.218.85
Denys,Down,ddown1q@dailymotion.com,Male,1.18.194.148
Harman,Baynes,hbaynes1r@howstuffworks.com,Male,156.129.166.216
Annetta,Rubury,arubury1s@w3.org,Female,36.117.78.128
Myca,Nelthorp,mnelthorp1t@about.me,Male,178.111.109.143
Lynnelle,Rozea,lrozea1u@cam.ac.uk,Female,208.44.64.233
Franky,Drews,fdrews1v@va.gov,Male,176.48.182.89
Mikol,Petrik,mpetrik1w@so-net.ne.jp,Male,168.245.0.0
Garnet,Bride,gbride1x@infoseek.co.jp,Female,85.237.206.162
Hadrian,Eede,heede1y@amazon.co.jp,Male,84.50.135.228
Wally,Prangnell,wprangnell1z@ucoz.com,Male,161.11.173.226
Leif,Falkus,lfalkus20@drupal.org,Male,161.5.31.98
Wheeler,Pitblado,wpitblado21@t.co,Male,206.236.56.23
Courtnay,Ketteringham,cketteringham22@youku.com,Male,47.12.239.0
Marshal,MacAlees,mmacalees23@forbes.com,Male,138.199.12.35
Chiquia,McCheyne,cmccheyne24@liveinternet.ru,Female,84.243.49.114
Flory,Clair,fclair25@cdbaby.com,Female,133.111.231.224
Sorcha,Godmer,sgodmer26@nbcnews.com,Female,235.43.36.10
Raffarty,Lofty,rlofty27@hhs.gov,Male,182.144.129.125
Teodorico,Tickel,ttickel28@nydailynews.com,Male,77.160.186.11
Valeda,Wassung,vwassung29@bloglines.com,Female,30.134.98.24
Etty,Hayley,ehayley2a@twitpic.com,Female,215.232.6.209
Derby,Southerden,dsoutherden2b@google.com.au,Male,61.245.5.194
Ari,Diplock,adiplock2c@wikispaces.com,Male,26.212.249.195
Beltran,Higginbottam,bhigginbottam2d@huffingtonpost.com,Male,150.202.171.43
Margaret,Di Matteo,mdimatteo2e@skype.com,Female,166.235.27.247
Porty,Vedmore,pvedmore2f@indiegogo.com,Male,71.41.170.86
Tabbie,Tewkesbury,ttewkesbury2g@addthis.com,Female,178.34.77.1
Sarina,Hannon,shannon2h@goodreads.com,Female,52.176.167.122
Consuela,Trembath,ctrembath2i@hatena.ne.jp,Female,56.24.172.204
Randolph,Gookes,rgookes2j@nifty.com,Male,79.160.6.82
Livia,Patillo,lpatillo2k@nifty.com,Female,182.218.66.216
Reilly,Tevelov,rtevelov2l@joomla.org,Male,55.68.111.89
Frederica,Hesse,fhesse2m@w3.org,Female,105.15.133.103
Brocky,Ferrandez,bferrandez2n@shop-pro.jp,Male,143.98.212.57
Luz,Burbank,lburbank2o@businessweek.com,Female,251.31.209.53
Demetra,Pickrill,dpickrill2p@wisc.edu,Female,91.190.226.176
Bess,Calterone,bcalterone2q@hud.gov,Female,55.156.62.153
Godart,Cotesford,gcotesford2r@ox.ac.uk,Male,14.67.6.74
Gabriel,McCunn,gmccunn2s@state.tx.us,Female,59.15.172.204
Hamish,Springtorp,hspringtorp2t@desdev.cn,Male,175.199.175.168
Aurelea,Brick,abrick2u@live.com,Female,63.254.67.221
Christean,Robbie,crobbie2v@washington.edu,Female,185.7.63.240
Kara,Turvie,kturvie2w@wix.com,Female,227.132.42.219
Patrick,Potten,ppotten2x@discuz.net,Male,178.62.198.24
Christy,Porcas,cporcas2y@army.mil,Male,153.28.136.187
Timi,Rockwell,trockwell2z@icq.com,Female,71.82.160.81
Rob,Grigs,rgrigs30@chicagotribune.com,Male,0.224.124.49
Boycie,Cheesley,bcheesley31@printfriendly.com,Male,244.143.112.223
Tabb,McCarly,tmccarly32@netvibes.com,Male,147.168.63.203
Paige,Wibrow,pwibrow33@blogtalkradio.com,Male,182.32.84.98
Yuma,Brant,ybrant34@reddit.com,Male,147.23.166.237
Casey,Brade,cbrade35@usa.gov,Male,83.75.104.47
Yolanda,Eck,yeck36@weather.com,Female,211.224.13.120
Vinny,Zorro,vzorro37@umn.edu,Female,217.49.136.233
Had,Groomebridge,hgroomebridge38@arstechnica.com,Male,203.110.197.79
Norry,Blader,nblader39@economist.com,Male,93.130.177.147
Byrom,Kerner,bkerner3a@sun.com,Male,225.117.212.173
Fawn,Bigly,fbigly3b@cornell.edu,Female,27.188.253.112
Melodee,Callery,mcallery3c@google.co.uk,Female,48.118.41.9
Ines,Braunton,ibraunton3d@hexun.com,Female,171.23.128.78
Maynord,Brownfield,mbrownfield3e@dot.gov,Male,50.159.132.157
Bianca,Karczinski,bkarczinski3f@virginia.edu,Female,87.48.227.192
Marquita,Eastwood,meastwood3g@webmd.com,Female,155.208.125.97
Drusi,Vernau,dvernau3h@usatoday.com,Female,181.1.223.186
Trefor,Franciskiewicz,tfranciskiewicz3i@symantec.com,Male,228.23.113.187
Peta,Nassie,pnassie3j@scientificamerican.com,Female,57.251.55.0
Johnnie,Fullman,jfullman3k@is.gd,Male,56.60.140.255
Van,Rive,vrive3l@mozilla.org,Female,141.200.125.201
Greer,Palfree,gpalfree3m@posterous.com,Female,99.222.13.233
Abbie,Nickolls,anickolls3n@wisc.edu,Female,139.158.92.25
Xylia,Carillo,xcarillo3o@nih.gov,Female,106.89.138.244
Alexa,Warricker,awarricker3p@wikispaces.com,Female,75.200.224.215
Taite,Scopes,tscopes3q@163.com,Male,202.76.72.207
Adams,Ankrett,aankrett3r@aol.com,Male,158.33.80.201
Madelyn,Seywood,mseywood3s@europa.eu,Female,51.145.151.132
Rickard,Cowdrey,rcowdrey3t@cargocollective.com,Male,190.218.25.196
Madelle,Harbron,mharbron3u@omniture.com,Female,80.150.123.21
Dorene,Wethey,dwethey3v@furl.net,Female,112.208.92.100
Lanette,Yoxen,lyoxen3w@rambler.ru,Female,21.7.224.79
Baillie,McTerrelly,bmcterrelly3x@ask.com,Male,119.225.209.3
Juan,Greenlees,jgreenlees3y@weebly.com,Male,70.175.165.10
Ronica,Januszewski,rjanuszewski3z@wsj.com,Female,179.170.46.58
Lura,Beaven,lbeaven40@nyu.edu,Female,60.11.107.47
Currie,Ivic,civic41@rediff.com,Male,100.24.53.56
Jaynell,Gallamore,jgallamore42@godaddy.com,Female,236.58.99.1
Eleanor,Wildblood,ewildblood43@marketwatch.com,Female,33.198.114.75
Jeddy,Brisker,jbrisker44@tmall.com,Male,155.76.187.72
Russell,Cotterel,rcotterel45@dion.ne.jp,Male,145.87.186.93
Giustino,Pappi,gpappi46@fda.gov,Male,101.229.33.165
Tammy,Port,tport47@nasa.gov,Female,2.237.80.73
Berky,Isgate,bisgate48@ebay.com,Male,107.208.76.176
Gabriello,Regardsoe,gregardsoe49@squarespace.com,Male,46.50.38.183
Hinze,Stuttman,hstuttman4a@webmd.com,Male,37.177.115.233
Emmye,Hawkins,ehawkins4b@bbb.org,Female,164.207.139.177
Alix,Panons,apanons4c@domainmarket.com,Female,199.61.138.185
Marleen,Armin,marmin4d@home.pl,Female,118.239.83.193
Garrek,Wrankling,gwrankling4e@cargocollective.com,Male,215.245.111.178
Delphine,McCrisken,dmccrisken4f@guardian.co.uk,Female,225.114.167.167
Adiana,Passfield,apassfield4g@istockphoto.com,Female,160.195.181.176
Ive,Scoates,iscoates4h@constantcontact.com,Male,61.133.93.65
Glori,Tolefree,gtolefree4i@goo.gl,Female,232.183.18.142
Silvan,Patridge,spatridge4j@dot.gov,Male,106.177.207.59
Cordy,Burger,cburger4k@arizona.edu,Female,203.157.218.232
Tandi,Tabner,ttabner4l@cisco.com,Female,132.144.3.29
Henriette,Tarver,htarver4m@icio.us,Female,107.24.105.145
Jesus,Franc,jfranc4n@imdb.com,Male,254.51.14.43
Vivi,Rogerson,vrogerson4o@unc.edu,Female,193.100.133.87
Claiborne,Ponten,cponten4p@auda.org.au,Male,48.48.156.244
Gerry,Ridd,gridd4q@forbes.com,Female,198.60.40.126
Franni,Schutze,fschutze4r@exblog.jp,Female,172.241.211.43
Matthus,Baack,mbaack4s@google.com.au,Male,163.152.36.193
Baudoin,Helkin,bhelkin4t@archive.org,Male,43.3.172.215
Evelyn,Duplain,eduplain4u@ca.gov,Female,233.98.234.220
Ainslee,Enriquez,aenriquez4v@patch.com,Female,121.183.57.240
Patrica,Blindt,pblindt4w@posterous.com,Female,56.164.51.230
Reube,Stailey,rstailey4x@fastcompany.com,Male,21.40.3.236
Hakim,Treher,htreher4y@1688.com,Male,214.7.73.249
Johanna,Freed,jfreed4z@constantcontact.com,Female,144.160.251.232
Reagan,Croyser,rcroyser50@behance.net,Male,72.199.49.51
Elaina,Jeannon,ejeannon51@uiuc.edu,Female,85.212.230.172
Aksel,Storch,astorch52@uol.com.br,Male,123.58.238.74
Martguerita,Browning,mbrowning53@bandcamp.com,Female,242.206.232.104
Mohandas,Redholes,mredholes54@imdb.com,Male,188.192.97.98
Murdock,Coomer,mcoomer55@craigslist.org,Male,247.201.252.206
Rodolphe,Dorrell,rdorrell56@about.me,Male,55.62.101.146
Noel,O'Conor,noconor57@berkeley.edu,Female,118.176.45.53
Roxanna,Leirmonth,rleirmonth58@pbs.org,Female,163.33.60.19
Catina,Asgodby,casgodby59@forbes.com,Female,61.112.46.52
Britni,Scotland,bscotland5a@uiuc.edu,Female,210.52.155.52
Connie,Bollum,cbollum5b@yelp.com,Female,48.45.198.249
Becky,Mack,bmack5c@zdnet.com,Female,121.152.12.132
Earle,Rippon,erippon5d@jigsy.com,Male,177.9.74.184
Rosella,Clewer,rclewer5e@miitbeian.gov.cn,Female,226.107.49.1
Nessy,Farran,nfarran5f@nih.gov,Female,61.107.57.40
Gussi,Bulpitt,gbulpitt5g@abc.net.au,Female,174.60.86.61
Isabel,Wellfare,iwellfare5h@discovery.com,Female,7.59.195.194
Giordano,Blemings,gblemings5i@spotify.com,Male,35.129.138.115
Gardy,Egiloff,gegiloff5j@nasa.gov,Male,75.95.8.210
Mindy,Burgum,mburgum5k@tmall.com,Female,242.120.163.215
Cherry,Tuminini,ctuminini5l@live.com,Female,7.160.91.250
Greggory,Frary,gfrary5m@pen.io,Male,33.255.140.76
Phillip,Chicco,pchicco5n@netlog.com,Male,54.56.49.58
Margy,Domone,mdomone5o@rambler.ru,Female,135.19.105.151
Gearard,Shimwall,gshimwall5p@pbs.org,Male,127.29.157.167
Ward,Newrick,wnewrick5q@blogtalkradio.com,Male,164.247.132.58
Ophelia,Kemble,okemble5r@xrea.com,Female,87.249.207.246
Agnes,Hurlestone,ahurlestone5s@sbwire.com,Female,223.57.142.141
Chelsea,Hearne,chearne5t@vimeo.com,Female,13.26.237.193
Maximilien,Golby,mgolby5u@deliciousdays.com,Male,201.251.212.178
Kristel,Thornborrow,kthornborrow5v@umn.edu,Female,132.44.67.132
Patrizio,Seeley,pseeley5w@chron.com,Male,61.22.251.78
Georgianne,Pauer,gpauer5x@diigo.com,Female,8.72.92.97
Nolly,Quirke,nquirke5y@home.pl,Male,27.119.136.238
Adolpho,Pollard,apollard5z@stanford.edu,Male,193.181.201.146
Jayme,Sherborne,jsherborne60@gizmodo.com,Male,162.114.240.18
Tomlin,Kluger,tkluger61@geocities.jp,Male,1.206.232.94
Happy,Purdom,hpurdom62@angelfire.com,Female,95.3.103.172
Zerk,Meddick,zmeddick63@4shared.com,Male,254.135.189.171
Nikolai,Bedding,nbedding64@yelp.com,Male,88.160.69.32
Linnea,Baglan,lbaglan65@businessweek.com,Female,14.126.82.179
Vina,Tivenan,vtivenan66@yelp.com,Female,70.219.84.223
Obie,Hallard,ohallard67@github.io,Male,253.172.71.157
Cristie,McNirlan,cmcnirlan68@sitemeter.com,Female,194.9.214.160
Morton,Scaplehorn,mscaplehorn69@shop-pro.jp,Male,79.149.90.221
Emmi,Varfalameev,evarfalameev6a@unesco.org,Female,127.63.230.82
Mirella,Stollman,mstollman6b@marketwatch.com,Female,147.51.5.208
Tobit,Barnhart,tbarnhart6c@wordpress.org,Male,187.3.100.17
Elsa,Trumpeter,etrumpeter6d@toplist.cz,Female,191.49.117.34
Bartholomeus,Mathiasen,bmathiasen6e@upenn.edu,Male,145.133.12.213
Lisabeth,Tomicki,ltomicki6f@mit.edu,Female,250.236.235.135
Kellie,Wolseley,kwolseley6g@unicef.org,Female,44.38.67.234
Neddie,Sutherns,nsutherns6h@freewebs.com,Male,94.13.24.199
Raine,Lethlay,rlethlay6i@cnet.com,Female,60.73.211.161
Gussie,Hagger,ghagger6j@issuu.com,Female,221.131.32.62
Sayre,Vearncomb,svearncomb6k@hhs.gov,Female,11.154.93.102
Bartolemo,Karpets,bkarpets6l@canalblog.com,Male,56.125.84.198
Danella,Rudyard,drudyard6m@creativecommons.org,Female,18.168.220.152
Jordanna,Ludewig,jludewig6n@ovh.net,Female,25.136.144.87
Jefferson,Reinbech,jreinbech6o@skyrock.com,Male,154.247.246.115
Bevan,Easman,beasman6p@examiner.com,Male,169.240.145.74
Claresta,Barz,cbarz6q@fema.gov,Female,77.251.198.176
Aubrette,Margarson,amargarson6r@webs.com,Female,138.65.185.132
Datha,Woofendell,dwoofendell6s@github.com,Female,194.211.135.129
Sterling,Simenon,ssimenon6t@vimeo.com,Male,138.94.250.41
Bernadene,Ferrettini,bferrettini6u@bloglines.com,Female,14.35.83.24
Gennifer,Zapata,gzapata6v@paginegialle.it,Female,29.33.171.183
Tab,Fosher,tfosher6w@cbsnews.com,Male,94.235.11.157
Emilia,Briance,ebriance6x@berkeley.edu,Female,93.39.209.22
Ardella,Biasioni,abiasioni6y@unicef.org,Female,218.113.59.254
Artur,Burne,aburne6z@ow.ly,Male,51.40.131.30
Hirsch,Szreter,hszreter70@geocities.com,Male,144.161.117.125
Kimball,Valance,kvalance71@tinypic.com,Male,231.100.88.152
Edvard,Eggleson,eeggleson72@hao123.com,Male,193.5.211.61
Yvon,Breakspear,ybreakspear73@time.com,Male,26.182.204.105
Betsey,Margerrison,bmargerrison74@cnn.com,Female,6.249.215.100
Maurene,Bilbee,mbilbee75@yelp.com,Female,26.108.56.169
Sammy,Terrans,sterrans76@economist.com,Male,46.198.31.22
Tiebold,Aitcheson,taitcheson77@woothemes.com,Male,82.247.111.113
Evered,Malinowski,emalinowski78@admin.ch,Male,41.107.149.224
Kilian,Keane,kkeane79@apache.org,Male,25.154.49.75
Averil,Peers,apeers7a@army.mil,Male,24.85.172.62
Florencia,Popple,fpopple7b@1688.com,Female,48.172.225.59
Inesita,Cutcliffe,icutcliffe7c@vkontakte.ru,Female,25.180.1.63
Todd,Darkott,tdarkott7d@last.fm,Male,171.180.143.138
Ricki,Baskerville,rbaskerville7e@state.tx.us,Male,111.84.236.188
Saleem,Grunnill,sgrunnill7f@fema.gov,Male,223.137.61.132
Ruthe,Kunc,rkunc7g@mapy.cz,Female,86.109.160.1
Alon,Deavin,adeavin7h@sun.com,Male,52.200.210.38
Tanney,Bentsen,tbentsen7i@wordpress.com,Male,138.53.75.53
Alisha,McLellan,amclellan7j@oakley.com,Female,118.247.128.17
Retha,Benard,rbenard7k@wikipedia.org,Female,247.133.198.218
Daffie,Shavel,dshavel7l@odnoklassniki.ru,Female,127.210.136.60
Alaster,Lohoar,alohoar7m@amazon.co.jp,Male,89.38.170.174
Gabriella,Joesbury,gjoesbury7n@nymag.com,Female,213.66.13.89
Ryan,Aronov,raronov7o@multiply.com,Male,61.110.171.118
Rosamond,O'Mohun,romohun7p@nba.com,Female,117.99.25.188
Shaylyn,Conibeer,sconibeer7q@desdev.cn,Female,91.25.237.111
Wilmer,Lessmare,wlessmare7r@imgur.com,Male,8.68.87.25
Duncan,Gilkes,dgilkes7s@alexa.com,Male,37.39.202.139
Keenan,Aasaf,kaasaf7t@dmoz.org,Male,164.117.41.4
Lavina,McMoyer,lmcmoyer7u@dot.gov,Female,39.93.14.238
Win,Bushby,wbushby7v@europa.eu,Male,150.249.56.178
Evita,Skirving,eskirving7w@hp.com,Female,45.17.211.77
Kellsie,Argue,kargue7x@uiuc.edu,Female,48.20.163.164
Sonnie,Hordell,shordell7y@wordpress.org,Male,124.32.46.19
Lothaire,Lambis,llambis7z@dyndns.org,Male,193.24.75.98
Sasha,Alldritt,salldritt80@kickstarter.com,Male,172.213.155.251
Lizette,Boyce,lboyce81@indiatimes.com,Female,32.92.169.237
Vera,Trulock,vtrulock82@theatlantic.com,Female,81.221.194.116
Laurie,Wolfinger,lwolfinger83@slideshare.net,Male,86.132.91.74
Adriana,Gounard,agounard84@godaddy.com,Female,116.232.120.152
Tedi,Mote,tmote85@usgs.gov,Female,213.137.188.234
Stefan,Crebo,screbo86@unicef.org,Male,102.139.222.92
Cordie,Braune,cbraune87@nps.gov,Male,117.194.35.102
Brody,McGroarty,bmcgroarty88@qq.com,Male,171.46.89.89
Wilhelm,Faulds,wfaulds89@posterous.com,Male,141.10.103.238
Dru,Van der Velde,dvandervelde8a@technorati.com,Female,37.131.230.250
Deane,Glisane,dglisane8b@reverbnation.com,Female,107.98.168.237
Tresa,Petroselli,tpetroselli8c@flavors.me,Female,153.64.206.80
Constantino,Edess,cedess8d@biglobe.ne.jp,Male,233.179.88.48
Eden,Cupper,ecupper8e@sbwire.com,Female,72.28.66.245
Caril,Verdy,cverdy8f@bloglines.com,Female,224.166.199.149
Steffi,Ettridge,settridge8g@hud.gov,Female,42.226.22.110
Hube,Chewter,hchewter8h@census.gov,Male,184.108.249.189
Hanna,Frank,hfrank8i@boston.com,Female,129.127.203.254
Carley,Jevon,cjevon8j@cargocollective.com,Female,246.241.183.121
Ninetta,Gilham,ngilham8k@jalbum.net,Female,213.92.181.236
Broddy,Milleton,bmilleton8l@posterous.com,Male,18.225.87.159
Arvie,Hallet,ahallet8m@ebay.com,Male,111.88.140.5
Antonino,Salkild,asalkild8n@cargocollective.com,Male,76.86.131.103
Antoni,Shimuk,ashimuk8o@ucoz.ru,Male,47.80.37.100
Lemuel,Bakeup,lbakeup8p@sciencedirect.com,Male,26.122.176.9
Bettye,Peegrem,bpeegrem8q@yellowpages.com,Female,80.174.148.48
Mickie,Guitton,mguitton8r@cloudflare.com,Male,117.205.67.187
Janeczka,Farndale,jfarndale8s@4shared.com,Female,225.18.231.254
Avigdor,Reditt,areditt8t@blinklist.com,Male,180.79.180.93
Elissa,Yousef,eyousef8u@amazonaws.com,Female,204.169.140.211
Gabi,Rhead,grhead8v@linkedin.com,Male,198.237.224.229
Alister,Conaghan,aconaghan8w@businesswire.com,Male,149.99.253.37
Howard,Kirmond,hkirmond8x@disqus.com,Male,135.57.193.32
Maddie,Vasyukhin,mvasyukhin8y@hp.com,Male,55.249.254.75
Buddie,O'Corrin,bocorrin8z@chronoengine.com,Male,124.29.146.75
Felita,Barnicott,fbarnicott90@java.com,Female,27.105.252.251
Huntington,Olenichev,holenichev91@bbb.org,Male,204.68.135.243
Roselle,Flemming,rflemming92@yahoo.com,Female,202.120.27.235
Lyn,Guly,lguly93@yahoo.co.jp,Female,68.126.169.187
Meridel,Marcham,mmarcham94@lycos.com,Female,83.181.196.188
Vicki,Felten,vfelten95@amazonaws.com,Female,182.200.84.19
Catha,Whiting,cwhiting96@upenn.edu,Female,151.154.9.50
Flossi,Genn,fgenn97@prweb.com,Female,202.69.9.161
Moll,Daftor,mdaftor98@domainmarket.com,Female,11.180.251.201
Tirrell,Stendell,tstendell99@google.pl,Male,217.175.138.8
Jody,Orneles,jorneles9a@newyorker.com,Male,240.205.164.226
Don,Prin,dprin9b@printfriendly.com,Male,75.118.128.158
Etti,Gabbott,egabbott9c@patch.com,Female,57.115.248.13
Ferne,Purvess,fpurvess9d@meetup.com,Female,93.118.58.139
Dianne,Spurryer,dspurryer9e@google.it,Female,173.205.60.118
Shanta,Hinemoor,shinemoor9f@parallels.com,Female,42.21.232.81
Rivi,Buesnel,rbuesnel9g@cafepress.com,Female,147.48.59.45
Henderson,Eberdt,heberdt9h@miitbeian.gov.cn,Male,22.73.93.183
Elbert,Larciere,elarciere9i@baidu.com,Male,161.92.163.58
Rosetta,Berk,rberk9j@cargocollective.com,Female,232.198.254.154
Carla,Gossan,cgossan9k@gnu.org,Female,75.92.113.163
Dell,Schuster,dschuster9l@homestead.com,Male,217.215.242.80
Fanchon,Deschelle,fdeschelle9m@hostgator.com,Female,153.57.212.214
Nada,Ferrers,nferrers9n@flickr.com,Female,22.72.71.181
Gerianne,Blasius,gblasius9o@cbslocal.com,Female,91.81.142.197
Hewitt,Masser,hmasser9p@de.vu,Male,180.15.154.67
Aleksandr,Potkin,apotkin9q@tmall.com,Male,15.109.206.14
Napoleon,Boatswain,nboatswain9r@samsung.com,Male,204.90.61.9
Cirstoforo,Wathey,cwathey9s@telegraph.co.uk,Male,5.174.1.38
Blaine,Tomlin,btomlin9t@yahoo.com,Male,58.217.26.59
Lorne,Brummitt,lbrummitt9u@livejournal.com,Male,204.239.52.242
Hestia,Lalor,hlalor9v@abc.net.au,Female,253.59.13.41
Dick,Gilley,dgilley9w@moonfruit.com,Male,147.162.53.38
Darsie,Estabrook,destabrook9x@nih.gov,Female,136.60.123.236
Kalli,Ranscombe,kranscombe9y@exblog.jp,Female,5.140.58.177
Osmond,McCord,omccord9z@goo.gl,Male,250.189.242.253
Bertrand,Sackett,bsacketta0@twitter.com,Male,155.201.119.152
Godard,Outridge,goutridgea1@indiatimes.com,Male,247.55.148.196
Rani,Mollene,rmollenea2@vkontakte.ru,Female,81.180.81.46
Ivar,Hayesman,ihayesmana3@wikipedia.org,Male,47.100.237.216
Gardener,Delahunt,gdelahunta4@cloudflare.com,Male,130.39.237.54
Courtnay,Crosthwaite,ccrosthwaitea5@tamu.edu,Female,99.204.167.252
Pearce,Chapple,pchapplea6@technorati.com,Male,253.33.179.180
Cordy,Meah,cmeaha7@hexun.com,Male,243.10.21.157
Ag,Pottie,apottiea8@biglobe.ne.jp,Female,226.72.208.127
Cammy,Peltzer,cpeltzera9@ucla.edu,Male,146.47.85.30
Camel,Todeo,ctodeoaa@issuu.com,Female,16.190.228.239
Chevalier,Autin,cautinab@cmu.edu,Male,84.117.210.252
Kris,Pardi,kpardiac@columbia.edu,Female,193.158.18.174
Beverie,Wint,bwintad@who.int,Female,122.246.231.217
Tim,Barehead,tbareheadae@seesaa.net,Male,118.162.242.21
Herve,Mohamed,hmohamedaf@answers.com,Male,169.122.55.6
Clare,Widdicombe,cwiddicombeag@globo.com,Male,67.3.25.61
Skip,Sommers,ssommersah@woothemes.com,Male,66.195.78.229
Elwira,Willatt,ewillattai@cmu.edu,Female,198.241.19.43
Lexie,Mitie,lmitieaj@joomla.org,Female,53.221.250.216
Dirk,Jakubovits,djakubovitsak@purevolume.com,Male,78.23.6.14
Jenn,Rickersy,jrickersyal@eventbrite.com,Female,200.190.191.67
Ferdie,Zecchini,fzecchiniam@ucoz.ru,Male,27.136.80.52
Elna,Cradoc,ecradocan@weibo.com,Female,214.67.104.148
Correy,Morot,cmorotao@nbcnews.com,Male,246.200.100.223
Kendrick,Sivyour,ksivyourap@ft.com,Male,184.49.230.99
Bartie,Haylock,bhaylockaq@gov.uk,Male,31.109.84.186
Sallie,Dermot,sdermotar@arstechnica.com,Female,151.17.60.225
Dyan,Chastney,dchastneyas@cnbc.com,Female,46.78.74.23
Elene,Moff,emoffat@mapy.cz,Female,29.104.140.126
Anitra,Kerrod,akerrodau@bloomberg.com,Female,199.53.215.69
Quinn,Oldroyd,qoldroydav@pbs.org,Male,216.83.228.20
Yoshi,Tesoe,ytesoeaw@symantec.com,Female,178.39.221.112
Chaim,Allabush,callabushax@java.com,Male,13.218.186.52
Timotheus,Baldacchino,tbaldacchinoay@phpbb.com,Male,154.136.131.220
Gery,Cornier,gcornieraz@nationalgeographic.com,Male,110.242.220.125
Markus,Ambroix,mambroixb0@amazon.de,Male,100.90.121.129
Harley,McKinnon,hmckinnonb1@nasa.gov,Female,230.77.59.160
Dru,Kean,dkeanb2@rakuten.co.jp,Female,221.233.160.34
Licha,Dodds,ldoddsb3@uiuc.edu,Female,19.104.227.187
Lauree,Tabbitt,ltabbittb4@howstuffworks.com,Female,23.21.242.73
Korey,Syrad,ksyradb5@mashable.com,Male,245.205.28.65
Annamaria,McBrier,amcbrierb6@ocn.ne.jp,Female,139.11.26.206
Cherianne,Wynch,cwynchb7@yahoo.co.jp,Female,191.134.213.223
Bert,Roberds,broberdsb8@1und1.de,Male,65.143.116.202
Farris,Buckell,fbuckellb9@ovh.net,Male,167.0.200.238
Lurlene,Maggiore,lmaggioreba@i2i.jp,Female,28.118.145.79
Earlie,Andreuzzi,eandreuzzibb@squarespace.com,Male,72.136.37.1
Nat,Tong,ntongbc@cisco.com,Male,67.15.242.1
Grenville,Lack,glackbd@parallels.com,Male,61.95.156.174
Aarika,Glenwright,aglenwrightbe@plala.or.jp,Female,206.217.240.239
Wyndham,Cowern,wcowernbf@ezinearticles.com,Male,163.75.95.14
Shani,Blewis,sblewisbg@ovh.net,Female,195.118.55.112
Norman,Scholtz,nscholtzbh@vkontakte.ru,Male,85.50.202.223
Lewie,Halfhead,lhalfheadbi@infoseek.co.jp,Male,127.5.27.239
Terri-jo,Kinsella,tkinsellabj@themeforest.net,Female,151.138.142.144
Pattie,McGavigan,pmcgaviganbk@samsung.com,Male,49.120.209.129
Ellette,Colles,ecollesbl@uiuc.edu,Female,253.170.138.235
Giuditta,Simenon,gsimenonbm@earthlink.net,Female,76.218.191.50
Pebrook,Hurdidge,phurdidgebn@constantcontact.com,Male,40.195.122.58
Gillie,Duckett,gduckettbo@arizona.edu,Female,161.247.19.189
Trumann,Persey,tperseybp@usatoday.com,Male,68.16.196.208
Yard,Walhedd,ywalheddbq@cyberchimps.com,Male,44.12.109.90
Gussi,Brahams,gbrahamsbr@ca.gov,Female,222.164.14.113
Merwyn,Kann,mkannbs@oakley.com,Male,0.172.236.68
Emmanuel,Cavy,ecavybt@livejournal.com,Male,212.54.213.113
Frederik,Bexon,fbexonbu@sakura.ne.jp,Male,118.154.57.24
Georgetta,Sanpere,gsanperebv@naver.com,Female,144.45.119.209
Romeo,Orneblow,rorneblowbw@arizona.edu,Male,32.75.22.129
Grant,Nyssen,gnyssenbx@umn.edu,Male,58.50.180.134
Upton,Clingan,uclinganby@indiegogo.com,Male,199.165.148.19
Edeline,Coldridge,ecoldridgebz@homestead.com,Female,198.133.40.132
Silvanus,Bisseker,sbissekerc0@cocolog-nifty.com,Male,61.66.226.155
Clary,Lowensohn,clowensohnc1@washington.edu,Female,100.11.240.171
Ianthe,Kemston,ikemstonc2@intel.com,Female,129.89.71.97
Gilly,Myderscough,gmyderscoughc3@vkontakte.ru,Female,75.10.102.232
Robinson,Windress,rwindressc4@tinypic.com,Male,204.230.239.29
Knox,Salvati,ksalvatic5@purevolume.com,Male,254.7.181.109
Wendy,Ellershaw,wellershawc6@redcross.org,Female,28.81.34.71
Doloritas,Barbisch,dbarbischc7@amazon.co.jp,Female,5.107.147.92
Carlynn,Strawbridge,cstrawbridgec8@virginia.edu,Female,50.212.48.54
Carson,Abramovicz,cabramoviczc9@google.fr,Male,39.24.151.3
Thatcher,Fretter,tfretterca@msu.edu,Male,26.53.77.235
Anna-maria,Soloway,asolowaycb@tmall.com,Female,192.178.19.16
Shem,Goode,sgoodecc@patch.com,Male,218.70.67.126
Reece,Van Leijs,rvanleijscd@cornell.edu,Male,67.238.78.68
Evangelina,Houndsom,ehoundsomce@diigo.com,Female,56.226.211.55
Katha,Guisler,kguislercf@1688.com,Female,114.80.158.222
Hubey,Thompstone,hthompstonecg@360.cn,Male,163.203.18.130
Fidelity,Jarrett,fjarrettch@cargocollective.com,Female,57.25.74.106
Eleonora,Caulcott,ecaulcottci@ca.gov,Female,229.92.81.165
Thomasa,Simmins,tsimminscj@nymag.com,Female,240.145.85.248
Jermaine,Ventura,jventurack@nsw.gov.au,Male,221.241.233.153
Kaela,Worters,kworterscl@jiathis.com,Female,84.254.97.56
Jareb,McMechan,jmcmechancm@ameblo.jp,Male,182.28.160.91
Hephzibah,McCandie,hmccandiecn@ibm.com,Female,189.179.86.52
Kilian,Aguirrezabal,kaguirrezabalco@washingtonpost.com,Male,72.107.206.60
Domini,Teese,dteesecp@washington.edu,Female,193.80.148.102
Harley,Fishwick,hfishwickcq@nbcnews.com,Female,7.183.165.58
Lesya,Casburn,lcasburncr@sourceforge.net,Female,150.216.227.239
Iggy,Sherbourne,isherbournecs@google.fr,Male,36.104.68.110
Clary,Sillars,csillarsct@moonfruit.com,Female,108.67.70.39
Barty,Pote,bpotecu@soup.io,Male,167.133.201.11
Bryn,Christensen,bchristensencv@youtube.com,Male,76.34.221.54
Grete,Phillipp,gphillippcw@gmpg.org,Female,234.144.8.152
Darsey,Kerin,dkerincx@blog.com,Female,63.84.181.139
Alix,Wildin,awildincy@weather.com,Female,80.154.219.82
Lorenzo,Trinbey,ltrinbeycz@ed.gov,Male,223.240.35.144
Jane,Lasslett,jlasslettd0@timesonline.co.uk,Female,113.193.48.143
Sibyl,Ghilks,sghilksd1@irs.gov,Male,158.76.173.184
Sigismond,Dealtry,sdealtryd2@wiley.com,Male,80.148.174.52
Roman,McWhinnie,rmcwhinnied3@who.int,Male,103.92.198.157
Tremain,Strothers,tstrothersd4@ft.com,Male,174.214.223.69
Kayle,Sterke,ksterked5@sciencedirect.com,Female,255.85.227.48
Coraline,Tran,ctrand6@ebay.com,Female,139.243.146.11
Wayland,Yarranton,wyarrantond7@hc360.com,Male,28.143.176.203
Rorie,Whightman,rwhightmand8@dailymotion.com,Female,105.248.159.2
Dede,Matteucci,dmatteuccid9@sourceforge.net,Female,174.187.7.151
Caleb,Evitt,cevittda@cdbaby.com,Male,102.238.95.221
Moses,Vickress,mvickressdb@uol.com.br,Male,199.174.1.100
Stephana,Norree,snorreedc@java.com,Female,238.29.188.222
Donna,Pelchat,dpelchatdd@msu.edu,Female,67.43.142.227
Timmie,Bielfeld,tbielfeldde@globo.com,Female,127.102.93.98
Abbey,Strippling,astripplingdf@shareasale.com,Male,116.47.227.7
Yul,Gabel,ygabeldg@livejournal.com,Male,29.206.32.25
Ainslee,Burnet,aburnetdh@cornell.edu,Female,109.109.93.175
Tiffie,Mee,tmeedi@marriott.com,Female,152.108.158.199
Cher,Gofforth,cgofforthdj@ted.com,Female,154.236.97.189
Wilie,Kissock,wkissockdk@admin.ch,Female,183.52.11.202
Ros,Matveiko,rmatveikodl@live.com,Female,222.246.234.95
Jenda,McIlrath,jmcilrathdm@mayoclinic.com,Female,119.117.13.207
D'arcy,Belson,dbelsondn@pbs.org,Male,207.157.80.57
Michail,Bedboro,mbedborodo@timesonline.co.uk,Male,72.231.156.98
Augustina,Brettelle,abrettelledp@house.gov,Female,59.248.78.166
Townsend,Pratten,tprattendq@netvibes.com,Male,255.161.12.21
Waite,Ludgate,wludgatedr@newsvine.com,Male,250.228.146.113
Nedi,Clover,ncloverds@gizmodo.com,Female,68.239.214.7
Brew,Waples,bwaplesdt@hud.gov,Male,223.142.148.147
Marybeth,Floyd,mfloyddu@xing.com,Female,68.174.31.244
Early,Illing,eillingdv@tmall.com,Male,50.162.131.255
Stanislas,McConville,smcconvilledw@devhub.com,Male,71.230.251.223
Elsbeth,Winterbourne,ewinterbournedx@ftc.gov,Female,152.226.230.219
Marybeth,Stow,mstowdy@tiny.cc,Female,48.121.112.3
Micky,Arch,marchdz@toplist.cz,Female,19.198.132.131
Gavra,Magnar,gmagnare0@g.co,Female,216.50.75.242
Murray,Wabersich,mwabersiche1@epa.gov,Male,72.119.211.187
Bord,Clemetts,bclemettse2@arizona.edu,Male,66.148.60.95
Wallie,Lyston,wlystone3@webmd.com,Male,187.174.61.203
Melly,Elsbury,melsburye4@flickr.com,Female,211.24.76.234
Linnell,Lightbown,llightbowne5@indiegogo.com,Female,193.1.200.101
Kimmie,Swaile,kswailee6@google.fr,Female,226.248.12.194
Corrina,Hallsworth,challsworthe7@hibu.com,Female,31.28.112.204
Hildagarde,Narrie,hnarriee8@mozilla.com,Female,209.171.248.216
Jerrylee,Kristof,jkristofe9@miibeian.gov.cn,Female,32.54.42.0
Maighdiln,Volette,mvoletteea@surveymonkey.com,Female,101.136.110.93
Virgil,Gercke,vgerckeeb@naver.com,Male,212.110.223.143
Mord,Foster,mfosterec@webs.com,Male,84.38.242.74
Andrea,O'Griffin,aogriffined@sakura.ne.jp,Male,95.131.28.30
Celestina,Briddock,cbriddockee@paginegialle.it,Female,78.37.149.20
Rollo,de Clerk,rdeclerkef@spotify.com,Male,7.174.146.124
Jobina,Yendall,jyendalleg@hubpages.com,Female,99.91.144.48
Theressa,Featherstonhaugh,tfeatherstonhaugheh@apache.org,Female,9.47.37.116
Brigg,Tabard,btabardei@imdb.com,Male,45.134.37.17
Shalne,Frye,sfryeej@t.co,Female,119.49.142.182
Robinson,Tincknell,rtincknellek@cpanel.net,Male,35.90.124.12
Danella,Hassekl,dhasseklel@oracle.com,Female,174.189.71.213
Shaine,Schooley,sschooleyem@fema.gov,Male,130.176.221.193
Karna,Brundall,kbrundallen@nasa.gov,Female,115.168.195.107
Veronica,Tiesman,vtiesmaneo@delicious.com,Female,66.236.72.116
Myrvyn,Blagden,mblagdenep@youku.com,Male,152.115.183.138
Ernaline,Kluge,eklugeeq@qq.com,Female,227.77.93.149
Maridel,Acom,macomer@cam.ac.uk,Female,198.101.77.205
Reba,Ewenson,rewensones@skyrock.com,Female,230.132.166.73
Olivia,Itscovitz,oitscovitzet@icq.com,Female,112.118.39.23
Tamera,Don,tdoneu@shop-pro.jp,Female,16.230.192.143
Tomaso,Pozer,tpozerev@vimeo.com,Male,105.231.6.53
Rodd,Duchenne,rduchenneew@w3.org,Male,87.252.83.156
Lillis,Ousley,lousleyex@posterous.com,Female,148.177.121.1
Gale,Baggallay,gbaggallayey@reverbnation.com,Female,241.94.128.156
Winifield,Wilmot,wwilmotez@irs.gov,Male,106.83.0.151
Malvina,Prenty,mprentyf0@apple.com,Female,29.224.29.237
Felizio,Brawn,fbrawnf1@answers.com,Male,137.52.143.215
Ladonna,Scrase,lscrasef2@smh.com.au,Female,6.241.121.252
Harmon,Wase,hwasef3@taobao.com,Male,228.66.149.32
Elisha,Davidman,edavidmanf4@multiply.com,Female,207.146.227.6
Trixy,Bodsworth,tbodsworthf5@51.la,Female,236.239.26.66
Ewart,Darrington,edarringtonf6@feedburner.com,Male,71.106.80.125
Dore,Norton,dnortonf7@altervista.org,Male,115.101.126.23
Ewen,Currom,ecurromf8@blogs.com,Male,18.62.105.92
Loralyn,Harrowing,lharrowingf9@ebay.co.uk,Female,90.94.172.100
Weylin,Hurling,whurlingfa@dailymail.co.uk,Male,152.70.75.179
Mort,MacMenamin,mmacmenaminfb@amazon.de,Male,88.69.33.240
Augustina,Laste,alastefc@nasa.gov,Female,238.30.164.229
Mariana,Fronczak,mfronczakfd@wunderground.com,Female,16.119.248.35
Dory,Matz,dmatzfe@yelp.com,Male,81.51.40.39
Frayda,Naismith,fnaismithff@tinyurl.com,Female,100.200.131.111
Roma,Harrema,rharremafg@people.com.cn,Male,21.200.228.147
Krisha,Yaneev,kyaneevfh@home.pl,Male,51.156.186.203
Hanan,Loisi,hloisifi@chron.com,Male,163.255.90.98
Norbie,Bulfoy,nbulfoyfj@ocn.ne.jp,Male,115.162.56.35
Steffen,Pendlebury,spendleburyfk@yellowpages.com,Male,76.186.104.29
Anna-diane,Elster,aelsterfl@ycombinator.com,Female,247.93.135.159
Lil,Alenov,lalenovfm@soundcloud.com,Female,77.138.116.158
Marcy,Posner,mposnerfn@myspace.com,Female,82.122.167.77
Jaclin,Vincent,jvincentfo@wiley.com,Female,16.207.65.88
Roberta,Avramov,ravramovfp@exblog.jp,Female,147.72.99.233
Gwenette,Hunstone,ghunstonefq@businessweek.com,Female,237.57.153.20
Amil,Crace,acracefr@noaa.gov,Female,214.100.131.30
Lela,Woofinden,lwoofindenfs@constantcontact.com,Female,195.251.56.74
Hillie,Greest,hgreestft@wikispaces.com,Male,209.88.71.224
Fulton,Brownbill,fbrownbillfu@mapquest.com,Male,77.163.52.174
Jaquith,Gasticke,jgastickefv@sakura.ne.jp,Female,156.193.172.198
Bryan,Tessyman,btessymanfw@house.gov,Male,24.232.6.200
Reamonn,Hutchcraft,rhutchcraftfx@cnet.com,Male,127.207.131.16
Quintin,Bertomieu,qbertomieufy@1und1.de,Male,189.230.44.72
Brod,Vasyaev,bvasyaevfz@sciencedaily.com,Male,238.244.55.182
Neile,Chaplin,nchapling0@creativecommons.org,Female,49.55.19.221
Tommie,Snoden,tsnodeng1@cnet.com,Female,112.171.157.130
Pat,Aggio,paggiog2@businesswire.com,Male,38.245.248.93
Michele,Karchewski,mkarchewskig3@howstuffworks.com,Male,161.132.45.116
Vincent,Blaszkiewicz,vblaszkiewiczg4@networkadvertising.org,Male,204.248.136.129
Nanni,Disdel,ndisdelg5@apache.org,Female,243.254.50.235
Brion,Spatig,bspatigg6@drupal.org,Male,183.31.112.137
Frederik,Lacotte,flacotteg7@cloudflare.com,Male,73.133.235.245
Niki,Scholfield,nscholfieldg8@arstechnica.com,Female,49.194.34.242
Burlie,Rattray,brattrayg9@goo.gl,Male,232.215.3.44
Chancey,Maunsell,cmaunsellga@ebay.com,Male,4.227.211.72
Willette,Clampin,wclampingb@nbcnews.com,Female,111.202.123.255
Kennie,O'Kenny,kokennygc@nih.gov,Male,109.222.47.253
Devland,Presslie,dpressliegd@webnode.com,Male,39.92.113.218
Lloyd,De Ambrosi,ldeambrosige@disqus.com,Male,216.43.213.113
Remington,Glazzard,rglazzardgf@etsy.com,Male,120.200.131.252
Raynor,Cuberley,rcuberleygg@indiegogo.com,Male,146.106.182.27
Lavinia,Rignold,lrignoldgh@timesonline.co.uk,Female,4.41.165.207
Krystal,Rosbotham,krosbothamgi@shutterfly.com,Female,128.100.200.91
Ardra,Jedryka,ajedrykagj@a8.net,Female,150.141.253.220
Rivy,Blow,rblowgk@spotify.com,Female,60.137.164.119
Elmore,Rowland,erowlandgl@ucla.edu,Male,198.234.182.221
Kathrine,Blowin,kblowingm@bloomberg.com,Female,57.25.136.1
Frank,Ormonde,formondegn@bloglovin.com,Female,43.139.66.47
Pam,Wardingley,pwardingleygo@vistaprint.com,Female,120.111.198.57
Ianthe,Walford,iwalfordgp@cocolog-nifty.com,Female,221.34.108.101
Susanna,Troke,strokegq@bing.com,Female,188.137.194.59
Goldi,Dumini,gduminigr@miitbeian.gov.cn,Female,242.117.198.193
Jacquetta,Bewlay,jbewlaygs@thetimes.co.uk,Female,101.203.128.167
Rozanna,Bance,rbancegt@admin.ch,Female,15.82.97.241
Katharina,Klassman,kklassmangu@discuz.net,Female,45.58.70.71
Susann,Le Breton De La Vieuville,slebretondelavieuvillegv@g.co,Female,208.168.111.5
Nadia,Van Weedenburg,nvanweedenburggw@dailymotion.com,Female,178.28.253.168
Angela,Mibourne,amibournegx@1und1.de,Female,12.26.144.172
Osborne,Bahl,obahlgy@shareasale.com,Male,67.23.31.33
Magdaia,Doreward,mdorewardgz@yale.edu,Female,0.152.89.128
Bordy,Edden,beddenh0@desdev.cn,Male,243.56.136.131
Tannie,Wardel,twardelh1@ihg.com,Male,175.190.39.49
Reed,Aslin,raslinh2@statcounter.com,Male,32.97.115.236
Hubey,Houndson,hhoundsonh3@yelp.com,Male,103.30.54.71
Dolf,Barnicott,dbarnicotth4@nature.com,Male,71.167.57.138
Fletcher,Goodswen,fgoodswenh5@lulu.com,Male,48.139.234.54
Jeannette,Ewings,jewingsh6@army.mil,Female,128.239.58.213
Nichol,Pensom,npensomh7@chronoengine.com,Female,254.156.214.62
Noami,Betjes,nbetjesh8@jalbum.net,Female,219.51.81.52
Sigrid,Flye,sflyeh9@google.com.br,Female,105.85.237.230
Raoul,Bumpas,rbumpasha@statcounter.com,Male,215.57.218.188
Renaldo,White,rwhitehb@columbia.edu,Male,20.191.234.151
Tripp,Tomei,ttomeihc@paginegialle.it,Male,128.119.98.77
Rosalind,Lemme,rlemmehd@acquirethisname.com,Female,198.31.28.163
Rupert,Newick,rnewickhe@archive.org,Male,107.226.105.186
Luciana,Edson,ledsonhf@odnoklassniki.ru,Female,46.49.190.179
Pacorro,Guerra,pguerrahg@springer.com,Male,236.208.246.186
Stephenie,Mantram,smantramhh@vk.com,Female,68.25.30.81
Bryon,Marini,bmarinihi@guardian.co.uk,Male,103.226.121.121
Ian,Aldiss,ialdisshj@businessinsider.com,Male,38.126.162.218
Lotti,Millmore,lmillmorehk@alexa.com,Female,129.235.153.18
Eldredge,Warne,ewarnehl@flickr.com,Male,61.9.170.78
Ediva,Singleton,esingletonhm@ca.gov,Female,28.211.224.35
Zak,Mulmuray,zmulmurayhn@cornell.edu,Male,47.110.68.214
Antonetta,Majury,amajuryho@google.com.hk,Female,218.216.103.42
Corinne,Basini-Gazzi,cbasinigazzihp@uiuc.edu,Female,103.210.170.184
Blisse,Oloshin,boloshinhq@usa.gov,Female,37.226.83.190
Stanislaw,Weeden,sweedenhr@yolasite.com,Male,252.61.154.224
Elysha,Flott,eflotths@narod.ru,Female,93.86.130.113
Alex,Ibbitt,aibbittht@stumbleupon.com,Male,2.114.202.95
Victor,Eilhermann,veilhermannhu@wp.com,Male,36.63.172.151
Hershel,Hinge,hhingehv@biglobe.ne.jp,Male,179.124.85.2
Georgiana,Kaesmans,gkaesmanshw@prnewswire.com,Female,113.92.125.236
Kellia,Chamley,kchamleyhx@engadget.com,Female,22.126.162.28
Durward,Bolf,dbolfhy@aol.com,Male,235.184.115.164
Artemas,Maile,amailehz@stanford.edu,Male,123.11.153.91
Bennie,Tutt,btutti0@shinystat.com,Female,43.246.233.4
Alf,Wilce,awilcei1@mapy.cz,Male,168.172.12.127
Pietrek,Joliffe,pjoliffei2@patch.com,Male,248.153.212.253
Niel,Bartalin,nbartalini3@newyorker.com,Male,252.17.139.241
Danie,Nuzzi,dnuzzii4@nytimes.com,Male,247.48.173.103
Mart,Hedaux,mhedauxi5@comcast.net,Male,98.91.56.213
Ruthanne,Tilford,rtilfordi6@timesonline.co.uk,Female,184.180.232.93
Bert,Grealish,bgrealishi7@unblog.fr,Male,29.86.216.61
Annmaria,Lowery,aloweryi8@newyorker.com,Female,45.184.179.178
Olga,Daintrey,odaintreyi9@ifeng.com,Female,120.66.147.201
Rufus,Stainland,rstainlandia@npr.org,Male,36.103.39.185
Wainwright,Drakeford,wdrakefordib@dmoz.org,Male,253.229.214.70
Codie,Ericsson,cericssonic@youku.com,Female,90.15.121.229
Sorcha,Sigg,ssiggid@nasa.gov,Female,168.166.91.40
Danielle,Joll,djollie@redcross.org,Female,186.38.178.88
Ferdinand,Tome,ftomeif@ca.gov,Male,219.171.60.99
Georgia,Munt,gmuntig@pagesperso-orange.fr,Female,73.218.6.26
Drew,Hedde,dheddeih@cpanel.net,Male,134.220.253.47
Vanni,Erwin,verwinii@cdbaby.com,Female,11.52.224.253
Robin,McPhillimey,rmcphillimeyij@artisteer.com,Male,63.246.61.6
Rosalynd,Acuna,racunaik@flavors.me,Female,35.172.68.5
Vernen,Linklet,vlinkletil@va.gov,Male,67.147.12.113
Lucais,Foote,lfooteim@google.co.uk,Male,208.55.177.234
Karia,Arman,karmanin@about.com,Female,235.197.165.45
Purcell,Ruecastle,pruecastleio@telegraph.co.uk,Male,84.87.59.193
Kayley,Masedon,kmasedonip@jigsy.com,Female,176.118.86.92
Anneliese,Nassey,anasseyiq@pbs.org,Female,211.121.239.30
Justis,Glazzard,jglazzardir@drupal.org,Male,222.13.101.79
Hurleigh,Meir,hmeiris@webs.com,Male,249.31.164.170
Maxy,Wardingly,mwardinglyit@wunderground.com,Male,180.220.218.65
Jemie,Morriss,jmorrissiu@amazon.co.jp,Female,76.1.54.224
Tad,Tipping,ttippingiv@ning.com,Male,245.223.65.19
Hunfredo,Lambertazzi,hlambertazziiw@hostgator.com,Male,101.15.4.152
Maxwell,Nunns,mnunnsix@npr.org,Male,113.162.10.134
Cele,Rodmell,crodmelliy@sfgate.com,Female,25.10.164.136
Sigfrid,Dovidaitis,sdovidaitisiz@plala.or.jp,Male,246.164.59.79
Caroline,Beatson,cbeatsonj0@spotify.com,Female,111.202.74.234
Selene,Yorath,syorathj1@freewebs.com,Female,215.101.242.28
Dulcea,Dwelling,ddwellingj2@smh.com.au,Female,226.113.155.255
Addy,Wellan,awellanj3@diigo.com,Female,67.121.90.41
Emlynne,Drieu,edrieuj4@google.com.hk,Female,173.203.191.95
Sig,Ranscome,sranscomej5@state.gov,Male,113.10.24.83
Brennen,Beeson,bbeesonj6@noaa.gov,Male,64.114.5.114
Horatia,Aizikov,haizikovj7@cnet.com,Female,188.57.0.254
Mitchael,Gornar,mgornarj8@webeden.co.uk,Male,124.117.238.105
Davina,Purseglove,dpurseglovej9@mac.com,Female,72.249.52.184
Brooks,Guesford,bguesfordja@npr.org,Male,51.83.252.11
Garnet,Tebald,gtebaldjb@vk.com,Female,179.169.45.117
Bartholomew,Bartlet,bbartletjc@blogspot.com,Male,80.223.40.84
Luz,Woollett,lwoollettjd@purevolume.com,Female,20.241.178.246
Darlleen,Chidley,dchidleyje@qq.com,Female,206.141.82.89
Fanechka,Morat,fmoratjf@wired.com,Female,80.131.165.100
Maris,Saint,msaintjg@quantcast.com,Female,165.248.203.146
Nanete,Luggar,nluggarjh@bloomberg.com,Female,77.81.167.222
Chuck,Scotchmore,cscotchmoreji@mit.edu,Male,192.48.176.7
Elden,Smallman,esmallmanjj@behance.net,Male,112.194.137.26
Magda,Wayne,mwaynejk@newsvine.com,Female,251.96.204.52
Neda,Westley,nwestleyjl@cbsnews.com,Female,51.239.199.161
Donny,Fumagallo,dfumagallojm@opensource.org,Male,227.224.219.176
Laney,Foucar,lfoucarjn@123-reg.co.uk,Female,147.143.125.187
Finlay,Blennerhassett,fblennerhassettjo@time.com,Male,4.201.67.19
Em,Becerra,ebecerrajp@yolasite.com,Male,40.40.102.141
Ced,Paddy,cpaddyjq@linkedin.com,Male,48.175.208.82
Rafferty,Alfonzo,ralfonzojr@google.ru,Male,194.188.42.118
Barclay,Keymar,bkeymarjs@webnode.com,Male,112.144.144.234
Terrell,Rysdale,trysdalejt@linkedin.com,Male,91.179.153.240
Alvinia,Chaikovski,achaikovskiju@tiny.cc,Female,119.183.121.161
Rube,McGoldrick,rmcgoldrickjv@blogger.com,Male,249.118.7.219
Merline,Cossey,mcosseyjw@globo.com,Female,58.115.177.70
Allin,Larderot,alarderotjx@jimdo.com,Male,65.16.128.233
Tarrance,Tasker,ttaskerjy@opera.com,Male,226.187.154.43
Horst,Dorricott,hdorricottjz@artisteer.com,Male,10.121.61.199
Augy,Wonham,awonhamk0@tuttocitta.it,Male,46.148.48.69
Geoffry,Birdis,gbirdisk1@berkeley.edu,Male,69.201.104.179
Tabby,Lorraway,tlorrawayk2@illinois.edu,Female,181.111.79.107
Laurel,Lintin,llintink3@google.co.uk,Female,106.13.117.157
Robenia,Beggi,rbeggik4@wikispaces.com,Female,52.81.248.127
Cicely,Saiger,csaigerk5@umich.edu,Female,125.215.149.14
Kendell,Stayte,kstaytek6@homestead.com,Male,91.38.47.121
Hermann,Pietruszka,hpietruszkak7@yellowbook.com,Male,233.100.141.91
Karole,Welfair,kwelfairk8@google.com.au,Female,156.39.199.91
Brita,Sollis,bsollisk9@nasa.gov,Female,0.172.198.24
Padraic,Haglinton,phaglintonka@fotki.com,Male,169.241.223.39
Nadya,Rowatt,nrowattkb@shinystat.com,Female,138.34.64.161
Drugi,Balmadier,dbalmadierkc@walmart.com,Male,114.212.219.108
Gertruda,Dewick,gdewickkd@theguardian.com,Female,250.250.54.110
Sherrie,Keble,skebleke@godaddy.com,Female,198.197.10.75
Elle,Pickle,epicklekf@behance.net,Female,133.113.63.89
Marcella,McAvin,mmcavinkg@tuttocitta.it,Female,103.86.35.37
Jocelin,Couling,jcoulingkh@state.gov,Female,16.11.145.58
Goddard,Geach,ggeachki@51.la,Male,158.49.15.21
Kathye,Easterbrook,keasterbrookkj@cisco.com,Female,110.31.212.170
Abel,Lampett,alampettkk@nsw.gov.au,Male,84.76.12.66
Travers,Egar,tegarkl@thetimes.co.uk,Male,25.0.131.101
Gloriana,Viggars,gviggarskm@soundcloud.com,Female,210.100.225.25
Itch,Simonin,isimoninkn@51.la,Male,122.92.245.43
Allayne,Minshaw,aminshawko@nasa.gov,Male,27.103.89.211
Perice,Curgenuer,pcurgenuerkp@feedburner.com,Male,148.169.6.231
Bria,Couldwell,bcouldwellkq@alexa.com,Female,61.56.97.4
Glyn,Proger,gprogerkr@nifty.com,Female,100.177.63.157
Athene,Setford,asetfordks@hostgator.com,Female,45.115.84.200
Beryle,Hirtz,bhirtzkt@clickbank.net,Female,16.75.156.214
Betty,Hillborne,bhillborneku@cam.ac.uk,Female,182.114.148.174
Bearnard,Heale,bhealekv@phoca.cz,Male,207.31.120.202
Helsa,Brine,hbrinekw@myspace.com,Female,77.69.198.176
Aloysia,Settle,asettlekx@home.pl,Female,167.22.214.11
Leonhard,McLelland,lmclellandky@nhs.uk,Male,10.54.217.127
Hillard,Imbrey,himbreykz@disqus.com,Male,242.58.146.133
Saxe,Unworth,sunworthl0@taobao.com,Male,105.170.191.136
Elton,Seawell,eseawelll1@hostgator.com,Male,203.49.31.39
Adore,Covey,acoveyl2@unesco.org,Female,132.10.156.231
Tiffi,Wilcher,twilcherl3@sohu.com,Female,98.87.138.56
Yule,Bullerwell,ybullerwelll4@hud.gov,Male,201.85.141.218
Ruthy,Dymidowicz,rdymidowiczl5@php.net,Female,212.153.197.128
Kahlil,Dufaur,kdufaurl6@cpanel.net,Male,117.53.148.176
Eal,Lawn,elawnl7@storify.com,Male,177.182.177.75
Anna-maria,Pearcehouse,apearcehousel8@wikipedia.org,Female,129.54.41.187
Ariel,Raoult,araoultl9@surveymonkey.com,Male,145.236.71.216
Ezequiel,Lorrimer,elorrimerla@si.edu,Male,232.241.116.169
Milo,Fearey,mfeareylb@e-recht24.de,Male,220.124.16.50
Anissa,McGettigan,amcgettiganlc@sogou.com,Female,61.157.62.175
Gwennie,Saye,gsayeld@bizjournals.com,Female,35.68.198.124
Ina,Bullcock,ibullcockle@jigsy.com,Female,58.89.39.113
Louisette,Normanell,lnormanelllf@washingtonpost.com,Female,91.188.245.132
Kelly,Dundridge,kdundridgelg@mayoclinic.com,Male,167.202.250.54
Feodor,Laba,flabalh@last.fm,Male,82.128.185.51
Nahum,Goldin,ngoldinli@acquirethisname.com,Male,126.11.62.114
Moritz,Heliar,mheliarlj@feedburner.com,Male,212.34.43.79
Pammy,Pouton,ppoutonlk@flickr.com,Female,7.178.34.210
Carmelia,Belcher,cbelcherll@mac.com,Female,198.181.47.94
Talbot,Fermin,tferminlm@altervista.org,Male,119.154.241.113
Lauree,Camus,lcamusln@webmd.com,Female,61.222.125.109
Loutitia,Elloway,lellowaylo@networkadvertising.org,Female,60.241.46.160
Elwin,Peppin,epeppinlp@sphinn.com,Male,206.140.194.96
Coreen,Graysmark,cgraysmarklq@usnews.com,Female,234.99.114.137
Wilma,Alf,walflr@jigsy.com,Female,51.21.101.238
Gerard,Nice,gnicels@flavors.me,Male,244.112.215.31
Worthy,Coghill,wcoghilllt@deviantart.com,Male,204.182.150.153
Tadeo,Tapton,ttaptonlu@disqus.com,Male,196.71.41.225
Filia,Gollard,fgollardlv@networksolutions.com,Female,85.166.247.248
Broddy,Pigney,bpigneylw@lulu.com,Male,44.93.123.200
Bryant,Dunseath,bdunseathlx@ft.com,Male,251.38.195.178
Gerta,Davisson,gdavissonly@fda.gov,Female,75.106.235.81
Arluene,Pasquale,apasqualelz@scientificamerican.com,Female,65.45.84.3
Rubi,Roome,rroomem0@bbc.co.uk,Female,237.121.105.95
Gwenore,Simka,gsimkam1@mail.ru,Female,32.186.54.108
Helen-elizabeth,Sinisbury,hsinisburym2@stumbleupon.com,Female,54.84.134.152
Adrianne,Jendricke,ajendrickem3@comsenz.com,Female,251.146.14.129
Haley,Bleiman,hbleimanm4@moonfruit.com,Male,99.114.96.46
Margeaux,Silcox,msilcoxm5@cdc.gov,Female,103.127.88.18
Elana,Thibodeaux,ethibodeauxm6@free.fr,Female,194.102.131.69
Allys,Romero,aromerom7@infoseek.co.jp,Female,156.209.218.55
Viole,Klassman,vklassmanm8@ibm.com,Female,149.1.119.90
Consalve,Dowall,cdowallm9@geocities.jp,Male,107.12.222.17
Wylie,Shortin,wshortinma@hao123.com,Male,180.73.79.57
Durand,Breydin,dbreydinmb@amazon.co.jp,Male,255.244.142.40
Brook,Nibley,bnibleymc@squarespace.com,Female,142.15.241.162
Filip,Joly,fjolymd@digg.com,Male,44.30.169.148
Padget,Klemt,pklemtme@livejournal.com,Male,227.76.125.23
Nehemiah,Wardroper,nwardropermf@ebay.com,Male,199.132.159.18
Wilhelmine,Penkethman,wpenkethmanmg@blogs.com,Female,188.59.58.204
Jerry,Frankes,jfrankesmh@thetimes.co.uk,Male,53.10.22.7
Nara,Blacklidge,nblacklidgemi@csmonitor.com,Female,155.14.60.171
Cassie,Scarse,cscarsemj@marriott.com,Male,136.64.73.12
Ulises,Gilliatt,ugilliattmk@yale.edu,Male,11.197.230.134
Bernadina,Nickless,bnicklessml@shutterfly.com,Female,169.115.13.109
Loydie,Rhymer,lrhymermm@themeforest.net,Male,156.60.191.146
Fransisco,Fitchew,ffitchewmn@samsung.com,Male,141.14.35.232
Dareen,Ferencz,dferenczmo@imdb.com,Female,248.131.14.39
Erie,Iacobo,eiacobomp@trellian.com,Male,72.164.20.26
Buddie,Gambles,bgamblesmq@issuu.com,Male,22.195.145.67
Else,Cranstone,ecranstonemr@behance.net,Female,202.162.54.7
Benn,Ghelardoni,bghelardonims@symantec.com,Male,161.81.247.107
Kristian,Moppett,kmoppettmt@europa.eu,Male,117.20.140.237
Merilyn,Presnail,mpresnailmu@hugedomains.com,Female,204.110.69.243
Ansel,Gillham,agillhammv@mozilla.org,Male,23.177.71.11
Felic,Scarfe,fscarfemw@posterous.com,Male,22.230.200.221
Ludovico,Shafto,lshaftomx@twitter.com,Male,188.137.84.32
Laughton,Osgood,losgoodmy@linkedin.com,Male,79.196.140.34
Trenton,Southern,tsouthernmz@va.gov,Male,244.4.221.227
Merle,Crean,mcreann0@go.com,Male,100.77.97.172
Gawain,McCluney,gmccluneyn1@accuweather.com,Male,39.181.112.2
Daniela,Doylend,ddoylendn2@mozilla.org,Female,130.152.117.18
Willey,Borleace,wborleacen3@answers.com,Male,183.73.75.111
Porter,Constantinou,pconstantinoun4@netlog.com,Male,42.145.38.189
Niki,Seaborn,nseabornn5@mozilla.com,Male,32.205.194.26
Augustine,Cunnah,acunnahn6@fastcompany.com,Female,41.104.216.12
Nerissa,Meineck,nmeineckn7@exblog.jp,Female,206.6.136.199
Marianne,Jann,mjannn8@businessinsider.com,Female,157.96.100.253
Clem,Scobie,cscobien9@prnewswire.com,Male,3.176.114.66
Bernie,Kirk,bkirkna@opera.com,Male,76.220.34.62
Goddard,Mozzini,gmozzininb@yahoo.co.jp,Male,16.249.41.39
Marrissa,Epton,meptonnc@technorati.com,Female,201.162.203.0
Hedi,McLellan,hmclellannd@lulu.com,Female,220.132.37.72
Suzy,Peperell,speperellne@theglobeandmail.com,Female,254.153.237.168
Gertie,Palphreyman,gpalphreymannf@google.it,Female,34.212.73.54
Pen,Ducket,pducketng@deliciousdays.com,Female,51.166.193.173
Krissy,Jewster,kjewsternh@prweb.com,Female,188.132.128.61
Christye,Mushawe,cmushaweni@goodreads.com,Female,187.2.38.161
Lynde,Musico,lmusiconj@usa.gov,Female,219.231.111.10
Jordain,Cawthera,jcawtherank@twitpic.com,Female,101.108.134.129
Sarina,Shalcros,sshalcrosnl@google.cn,Female,48.133.61.2
Maximilianus,Llop,mllopnm@lycos.com,Male,1.21.126.253
Evangelin,Juggings,ejuggingsnn@europa.eu,Female,118.48.217.200
Roddie,Boorn,rboornno@newyorker.com,Male,8.204.69.130
Atalanta,Element,aelementnp@lycos.com,Female,44.132.111.83
Verile,Bellham,vbellhamnq@eepurl.com,Female,140.250.97.193
Jedediah,Gaiter,jgaiternr@google.ru,Male,158.58.120.149
Tito,Hansel,thanselns@cnbc.com,Male,169.43.14.95
Aluino,Caesman,acaesmannt@1und1.de,Male,115.36.193.192
Cara,Androck,candrocknu@merriam-webster.com,Female,80.158.173.8
Gelya,Gribbon,ggribbonnv@springer.com,Female,35.228.176.238
Shandeigh,Champerlen,schamperlennw@hostgator.com,Female,215.39.250.154
Erhart,Picardo,epicardonx@jugem.jp,Male,58.157.95.95
Dugald,Neagle,dneagleny@fastcompany.com,Male,222.127.9.89
Julie,Karpenko,jkarpenkonz@usgs.gov,Female,10.60.32.104
Bernhard,Markovic,bmarkovico0@bizjournals.com,Male,89.230.189.144
Gayla,Feaveer,gfeaveero1@thetimes.co.uk,Female,139.238.4.233
Merle,Antoniewski,mantoniewskio2@washington.edu,Male,252.107.251.85
Gar,Gripton,ggriptono3@unblog.fr,Male,188.35.199.30
Ara,Rubie,arubieo4@istockphoto.com,Male,10.158.29.125
Thom,Hardy,thardyo5@marriott.com,Male,106.214.25.105
Sibilla,Johanssen,sjohansseno6@odnoklassniki.ru,Female,119.54.233.185
Evelyn,Groome,egroomeo7@hostgator.com,Male,178.164.37.97
Katee,Dibben,kdibbeno8@nymag.com,Female,52.11.37.129
Jaymie,Lysaght,jlysaghto9@reddit.com,Male,71.13.160.68
Jonathon,Kerridge,jkerridgeoa@goo.gl,Male,90.30.2.187
Curran,Birkmyr,cbirkmyrob@deliciousdays.com,Male,141.55.34.214
Vanna,Christophle,vchristophleoc@histats.com,Female,130.192.2.129
Lutero,Attwool,lattwoolod@opensource.org,Male,237.250.96.222
Kaleena,Behne,kbehneoe@ucoz.com,Female,152.9.145.220
Ardelia,Labb,alabbof@plala.or.jp,Female,207.123.69.47
Tamara,Rickcord,trickcordog@icq.com,Female,115.85.90.66
Marlo,Whatford,mwhatfordoh@loc.gov,Male,187.10.13.57
Lebbie,Harold,lharoldoi@slideshare.net,Female,71.145.77.128
Thomasina,Ruger,trugeroj@behance.net,Female,213.181.75.212
Cindi,Terbrug,cterbrugok@angelfire.com,Female,3.59.120.14
Kingsly,Webber,kwebberol@reddit.com,Male,53.207.146.23
Titos,Danes,tdanesom@google.nl,Male,88.127.111.219
Frankie,Elce,felceon@shinystat.com,Female,135.93.104.76
Layney,Ingilson,lingilsonoo@networksolutions.com,Female,37.109.113.156
Timmie,Fitter,tfitterop@cornell.edu,Male,196.85.102.229
Farlay,Reace,freaceoq@mail.ru,Male,200.121.65.241
Randolph,Rimes,rrimesor@ucla.edu,Male,29.241.11.2
Ursa,Cabotto,ucabottoos@mozilla.org,Female,155.158.185.42
Rakel,Spurier,rspurierot@china.com.cn,Female,51.252.160.212
Sanford,Cluse,scluseou@marriott.com,Male,252.99.170.255
Edmund,Goatcher,egoatcherov@feedburner.com,Male,150.176.199.246
Fabio,Herrema,fherremaow@reference.com,Male,113.105.208.57
Anastasia,Weippert,aweippertox@pcworld.com,Female,83.187.222.175
Guss,Brumen,gbrumenoy@livejournal.com,Male,109.224.162.160
Modestia,Maillard,mmaillardoz@discovery.com,Female,201.140.168.214
Wynny,Pedden,wpeddenp0@oracle.com,Female,218.49.215.13
Karol,Race,kracep1@phoca.cz,Female,36.249.133.220
Pate,Harner,pharnerp2@nbcnews.com,Male,172.51.27.215
Roch,Hendonson,rhendonsonp3@rambler.ru,Female,131.183.225.173
Beilul,Escalera,bescalerap4@mtv.com,Female,206.195.142.2
Dom,Prenty,dprentyp5@nba.com,Male,36.151.108.162
Daphne,Fihelly,dfihellyp6@miibeian.gov.cn,Female,184.152.48.100
Dagny,Meiner,dmeinerp7@cocolog-nifty.com,Male,10.184.30.80
Inglebert,Ondrusek,iondrusekp8@xing.com,Male,176.123.253.208
Giffer,Cohn,gcohnp9@sun.com,Male,222.215.224.6
Willetta,Bilsborrow,wbilsborrowpa@senate.gov,Female,5.231.129.101
Gardener,Knowlys,gknowlyspb@shareasale.com,Male,20.172.239.17
Antin,Fenton,afentonpc@tmall.com,Male,233.230.196.106
Linnet,Leeke,lleekepd@tumblr.com,Female,108.46.224.251
Gabriello,Duckerin,gduckerinpe@usa.gov,Male,252.220.90.31
Harlan,Sebright,hsebrightpf@guardian.co.uk,Male,132.158.51.43
Brannon,Lorriman,blorrimanpg@soundcloud.com,Male,245.93.72.202
Mehetabel,Garter,mgarterph@google.co.jp,Female,71.75.47.210
Federico,Beuscher,fbeuscherpi@github.io,Male,123.207.65.212
Peder,Leehane,pleehanepj@cafepress.com,Male,164.211.228.34
Mychal,Veivers,mveiverspk@simplemachines.org,Male,138.64.73.112
Ilaire,McElmurray,imcelmurraypl@constantcontact.com,Male,241.204.179.185
Edan,Sulman,esulmanpm@tripadvisor.com,Male,29.234.238.163
Shaun,Hallard,shallardpn@ifeng.com,Male,163.170.175.5
Lita,Sloss,lslosspo@ehow.com,Female,88.215.55.94
Stewart,Drabble,sdrabblepp@taobao.com,Male,104.207.92.249
Jessee,Pettifor,jpettiforpq@engadget.com,Male,203.113.16.102
Gizela,Trayford,gtrayfordpr@prweb.com,Female,145.144.59.36
Sheela,Mangeot,smangeotps@shop-pro.jp,Female,9.163.65.17
Bentlee,Congreve,bcongrevept@globo.com,Male,213.20.32.150
Hobard,Lomasney,hlomasneypu@smugmug.com,Male,141.253.233.51
Marwin,Cranfield,mcranfieldpv@simplemachines.org,Male,230.144.9.231
Carmelita,Binfield,cbinfieldpw@sun.com,Female,222.50.106.9
Jami,Mea,jmeapx@infoseek.co.jp,Female,82.179.248.170
Reginauld,Pleaden,rpleadenpy@imdb.com,Male,62.113.62.162
Lari,Oultram,loultrampz@earthlink.net,Female,243.44.52.199
Nora,Bustard,nbustardq0@cbslocal.com,Female,234.195.190.163
Marcellina,Brydone,mbrydoneq1@hibu.com,Female,221.198.57.3
Rockwell,Devinn,rdevinnq2@cnbc.com,Male,237.214.164.186
Nettle,Tallman,ntallmanq3@dailymail.co.uk,Female,92.132.254.253
Millie,Bonham,mbonhamq4@tripod.com,Female,16.50.250.35
Arte,Klimshuk,aklimshukq5@istockphoto.com,Male,127.167.33.71
Wilow,Mugglestone,wmugglestoneq6@paginegialle.it,Female,228.38.140.141
Cortney,Fossett,cfossettq7@scientificamerican.com,Female,11.96.249.13
Elyssa,Davison,edavisonq8@state.gov,Female,152.171.126.197
Trstram,Dalyell,tdalyellq9@omniture.com,Male,98.129.192.252
Cynthea,Inkpin,cinkpinqa@dropbox.com,Female,173.56.100.161
Albie,Noon,anoonqb@gmpg.org,Male,60.47.21.185
Phillipe,Kield,pkieldqc@weebly.com,Male,24.206.70.186
Gayel,Rablen,grablenqd@zimbio.com,Female,184.219.156.49
Jasun,Bolstridge,jbolstridgeqe@simplemachines.org,Male,159.187.40.151
Townsend,Bushel,tbushelqf@nifty.com,Male,157.66.88.27
Rubina,Fattori,rfattoriqg@shareasale.com,Female,107.214.153.211
Erinna,Ashburne,eashburneqh@parallels.com,Female,2.101.175.57
Austin,Korbmaker,akorbmakerqi@scientificamerican.com,Male,2.140.79.244
Hartwell,Velde,hveldeqj@zdnet.com,Male,118.168.117.13
Francois,Wimp,fwimpqk@github.io,Male,52.126.70.67
Goldia,Poure,gpoureql@sphinn.com,Female,212.40.161.207
Amalea,Iamittii,aiamittiiqm@apple.com,Female,1.86.65.91
Elmore,Heavy,eheavyqn@youtu.be,Male,200.68.45.191
Bab,Watt,bwattqo@pcworld.com,Female,186.68.220.230
Eal,MacKeller,emackellerqp@tiny.cc,Male,74.218.181.154
Lamond,Snalham,lsnalhamqq@rambler.ru,Male,231.196.90.211
Giselbert,Shave,gshaveqr@quantcast.com,Male,205.180.80.237
Brooke,Eunson,beunsonqs@go.com,Male,84.80.222.3
Nevin,Kliment,nklimentqt@scribd.com,Male,17.143.240.194
Della,Ethelstone,dethelstonequ@google.co.uk,Female,169.10.70.216
Robyn,Spur,rspurqv@tamu.edu,Female,219.146.251.255
Aidan,Kyrkeman,akyrkemanqw@pen.io,Female,191.155.66.239
Jayson,Gladdifh,jgladdifhqx@forbes.com,Male,68.187.172.61
Danette,Charrier,dcharrierqy@artisteer.com,Female,136.80.80.30
Gaylene,Scrinage,gscrinageqz@theatlantic.com,Female,213.164.160.254
Thacher,MacFarlane,tmacfarlaner0@accuweather.com,Male,103.120.168.78
Dru,Craw,dcrawr1@yandex.ru,Female,59.158.49.83
Karilynn,Phant,kphantr2@wisc.edu,Female,148.248.47.169
Elfie,Mesant,emesantr3@wufoo.com,Female,211.137.135.90
Arney,Benezet,abenezetr4@weather.com,Male,60.28.245.252
Eric,Rack,erackr5@sina.com.cn,Male,85.202.135.185
Bertha,D' Angelo,bdangelor6@joomla.org,Female,253.153.64.162
Smitty,Probbings,sprobbingsr7@cnn.com,Male,185.154.25.160
Feliza,Chellam,fchellamr8@abc.net.au,Female,115.82.166.100
Vassili,Letixier,vletixierr9@buzzfeed.com,Male,102.254.116.24
Ebonee,Stonard,estonardra@xrea.com,Female,19.114.108.209
Marni,Firebrace,mfirebracerb@cloudflare.com,Female,68.245.17.3
Brett,Jillard,bjillardrc@fc2.com,Male,91.76.138.83
Devland,Davids,ddavidsrd@phoca.cz,Male,82.247.41.49
Lemmy,Sprull,lsprullre@dailymotion.com,Male,93.198.251.198
Antone,Etuck,aetuckrf@disqus.com,Male,123.5.168.176
Jocko,O'Currane,jocurranerg@chicagotribune.com,Male,8.157.18.170
Charlton,Pagon,cpagonrh@qq.com,Male,229.188.247.242
Monti,Phillip,mphillipri@nymag.com,Male,41.85.199.168
Whit,Wealthall,wwealthallrj@nifty.com,Male,36.86.95.171
Flossi,Faers,ffaersrk@huffingtonpost.com,Female,67.235.97.37
Vite,Heelis,vheelisrl@icio.us,Male,166.127.140.170
Sandye,Kubanek,skubanekrm@bloglovin.com,Female,7.152.171.99
Jo,Cossins,jcossinsrn@ebay.co.uk,Male,8.196.67.194
Tabitha,Wogden,twogdenro@japanpost.jp,Female,179.143.10.46
Shaine,Ridsdale,sridsdalerp@ftc.gov,Male,65.14.55.177
Emory,Moxson,emoxsonrq@nationalgeographic.com,Male,34.127.123.61
Timothy,Hugnet,thugnetrr@4shared.com,Male,73.143.249.22
